0,7597393.039438633,658212.2437791994,1
1,7597407.842763919,654368.5402195323,1
2,7597438.909571694,659840.7794725929,1
3,7600826.198500885,657633.4969727008,1
4,7593439.56069091,662076.2641079904,1
5,7593618.314950566,662206.9835535748,1
6,7593691.248056054,664779.3305748776,1
7,7593888.927530602,664381.3216118003,1
8,7594358.4162512515,664043.2952793256,1
9,7594457.833775218,665169.86275882,1
10,7594754.796818899,663446.5575236863,1
11,7595098.134886339,662896.9113814376,1
12,7595573.706419495,660285.3628119072,1
13,7596452.293414003,665216.2576232983,1
14,7596916.7929822365,663434.0534121119,1
15,7597735.377845182,660947.2011820384,1
16,7598330.654302825,662218.7879600555,1
17,7600348.834190304,662700.2431652774,2
18,7600632.382804855,662603.8095041853,1
19,7597519.242784108,664029.8408635288,1
20,7598311.0853979075,664735.0796897138,1
21,7598710.088877414,665454.4568926824,1
22,7598861.448219067,664214.4372222408,1
23,7599743.282165942,665095.7293366123,1
24,7599871.937143282,663477.9216802819,1
25,7600169.829589096,663340.9782123993,1
26,7600273.806167089,664611.3962883947,1
27,7600442.79248473,663620.658280424,1
28,7600537.070277244,663297.788697169,2
29,7600604.002441755,665489.9436067013,2
30,7600622.834674848,664895.8943087886,1
31,7600882.610603539,664909.4278943227,2
32,7600886.9644326465,665019.2059823999,2
33,7600987.652773847,664893.2675016,1
34,7601005.914620093,654328.891812615,1
35,7602804.9126043115,652835.3806910166,1
36,7603225.967666098,654348.164041903,1
37,7603312.947477956,653698.4583905133,2
38,7603567.02131333,653545.2266119061,1
39,7603671.874021275,653453.1861080229,2
40,7603994.280101465,653595.7567836205,2
41,7604105.04726048,653674.4745932186,2
42,7604237.967967191,653768.9356977886,1
43,7604411.503020947,653892.2597345451,3
44,7604489.040005134,653947.3619041177,5
45,7604592.536503939,654156.3962888956,4
46,7601024.709476281,657870.0529829772,1
47,7602692.155123202,656741.5382327196,1
48,7602753.69623141,656503.2096296905,1
49,7602845.134540527,657003.6105979353,1
50,7603284.107017782,658060.5900898768,1
51,7603290.627263938,655735.4165715226,2
52,7603673.535888442,658420.77410234,2
53,7604059.847873521,655966.0252931205,2
54,7604934.028957651,653856.8627015465,4
55,7605173.095539266,654105.8753709851,4
56,7605898.009931626,653023.4144273389,1
57,7606630.00362447,653620.1680283168,1
58,7605065.040677957,655396.5072576809,3
59,7605137.862476247,654500.071467612,2
60,7605166.358854679,655323.8246454152,2
61,7605456.770334922,655324.6194595511,4
62,7605952.033581891,655500.6826495415,1
63,7606332.904877556,655536.5799451749,1
64,7606423.78242312,655538.5672894076,1
65,7606425.513634842,654982.8778550929,2
66,7606723.261325545,655088.7794622057,1
67,7606938.399075231,653665.6180580242,1
68,7606960.226404022,652786.7140152738,1
69,7607403.428983932,653148.7851013294,1
70,7608307.548022363,652948.4782960669,1
71,7608545.200353099,653708.4232839588,1
72,7606997.472907008,655316.4568833349,10
73,7607722.62288218,654464.0396962134,1
74,7607724.4163469905,654620.3519045034,1
75,7605163.116257141,657254.1200963373,2
76,7605193.355654141,656110.8269587278,3
77,7605226.848146777,657882.5826363773,1
78,7607183.791165105,657008.774713062,1
79,7607459.047504727,657660.189487074,1
80,7607770.057395032,658333.4511313016,1
81,7607851.820718091,658786.5222116868,1
82,7608371.624437107,657485.0486594534,1
83,7601650.184485263,659501.2589927292,1
84,7603255.726054968,659866.3718902955,7
85,7603010.438847735,661776.9968829727,2
86,7603114.984893445,661120.700158107,1
87,7603569.85316869,661441.6266579392,2
88,7603671.252773248,661481.0138015995,3
89,7603763.743715338,661475.8156454104,6
90,7601133.958941361,664861.1925047456,2
91,7601215.51515242,662507.5015551157,1
92,7601339.869606313,664233.6503352808,1
93,7601421.633892037,664481.0536377974,1
94,7601931.238819474,664372.7786007252,5
95,7601932.454957437,664243.9480043313,2
96,7602007.1320554465,663307.6030765693,1
97,7602549.586769996,663435.2772684192,1
98,7603461.592243395,663545.0497126345,1
99,7604002.300708097,663774.5892895648,1
100,7604401.825546376,662632.5318712516,1
101,7605295.339879929,659852.339370023,2
102,7606075.33751726,662385.0640745942,1
103,7606154.633361032,661438.7098279325,1
104,7606886.149879841,661178.1306482364,1
105,7607116.639024866,660972.0788065274,1
106,7607204.096884373,659652.0498944483,1
107,7607748.562685708,660852.7082259061,1
108,7604792.268308764,662965.3221333716,1
109,7604876.46537507,662751.649011703,1
110,7605153.671683571,663285.5692964842,1
111,7605454.504260664,662503.715014828,1
112,7605533.417670138,663359.3516280206,1
113,7605593.577725058,662500.7967844413,3
114,7605149.962187952,664419.5698704389,13
115,7605427.8202538835,664463.4165885635,9
116,7606856.266970426,663329.5516012595,1
117,7607130.598662012,664608.3233840524,2
118,7607378.370217459,663956.5417442154,2
119,7607463.589488381,665114.1832115537,1
120,7608037.239106061,665184.7815897636,1
121,7608211.802080391,663229.8869407423,1
122,7593036.25533071,667230.5241788959,1
123,7593493.441310981,667379.5794715636,1
124,7593563.6229608,668226.902687196,1
125,7594135.776848283,667674.8806172218,1
126,7594247.295586843,667834.6104803315,3
127,7594487.501170295,668031.5838771128,1
128,7594559.56273845,668090.6758020641,1
129,7594838.911733604,668437.7294150655,3
130,7596253.065390707,667127.8147151631,1
131,7596537.889938079,667111.9709586399,1
132,7596617.605872655,666070.6877108956,3
133,7594870.278186481,667794.1967643047,1
134,7594890.776184461,668290.8855818699,5
135,7594930.603375874,667975.444373751,1
136,7594996.848948615,667731.3867397092,1
137,7595159.47824219,667824.6498382366,2
138,7595755.4986380795,667432.2620331739,1
139,7596644.17057905,668562.7335688057,1
140,7592918.5508876555,669321.9558951784,2
141,7593089.91430067,671118.3492755992,1
142,7593212.08244819,668977.1269331733,1
143,7593260.5430131,670369.3936242252,2
144,7593270.766461832,669618.1956439149,1
145,7593307.964752711,670955.3260340382,1
146,7593317.027627826,668819.8990402812,1
147,7593341.841325233,669910.1608474855,1
148,7593934.679413741,669522.1956297741,1
149,7594225.366414344,668896.5057964976,1
150,7594260.2507432485,669433.7457139827,1
151,7594938.270897688,669521.7648266059,1
152,7595028.864593578,670299.8910062356,1
153,7595036.34904916,670446.9975320307,1
154,7595133.917383222,669458.5834040227,1
155,7595237.2420043135,669558.8860871951,3
156,7595834.404003947,669418.7762585058,1
157,7596202.978111206,670385.2529042308,2
158,7595273.882911676,671206.0827106168,1
159,7595422.5727084875,671346.6659344321,1
160,7595837.956702159,671486.6735177721,2
161,7595941.905712366,670879.8813385926,1
162,7596199.766760941,671334.7130254989,1
163,7596210.175098007,670539.6374885299,1
164,7596229.621304926,670913.4197976071,1
165,7596409.555901562,671149.6870487734,1
166,7596767.114112264,667512.7431455106,1
167,7597276.29885981,667245.7175839079,1
168,7597299.753876027,666069.3878120279,1
169,7597464.002895135,668442.6314938494,1
170,7597521.213816299,667064.0951977185,1
171,7597885.202622441,667237.7103837737,1
172,7597891.487892219,665653.5308573683,1
173,7598056.707419046,668330.5840038897,1
174,7598072.5947336955,665639.6089109663,1
175,7598222.328573959,666928.5072965319,1
176,7598498.263734339,667543.8096776571,2
177,7598629.78602524,668253.1509760745,1
178,7598648.619712406,667179.6586980065,1
179,7598686.60239535,668398.0530054767,1
180,7598877.289307954,667740.1504689606,1
181,7599211.3805062305,667677.5049593268,1
182,7599407.3538642,667507.4492893958,1
183,7599950.783147701,668349.1358633641,2
184,7596773.19108124,671448.3974506357,1
185,7596944.8314687675,670834.0667621626,1
186,7597002.776442703,669549.8360791765,1
187,7597008.38330705,670919.187472601,1
188,7597020.083679753,669127.5335910665,1
189,7597059.871860211,669645.4182512324,1
190,7597443.477718163,670806.012896031,1
191,7597602.5144314645,669846.4059108297,1
192,7597623.408394674,669269.2795414721,1
193,7597702.665173953,670029.1881714992,2
194,7597721.345668916,671396.4945173119,1
195,7598013.776581396,670152.7170908,2
196,7599018.54276167,671429.8459263616,1
197,7599064.2772632,670608.8476536258,1
198,7599484.384492801,671069.8142574069,1
199,7599485.6459254,671172.7446765093,2
200,7599617.783950086,669419.0961423345,1
201,7599871.347331993,671288.6712852379,1
202,7599954.778123374,670977.1648524815,1
203,7600035.35890252,670470.0194811744,1
204,7600157.61954377,670191.104460928,1
205,7600300.029378639,668601.068618939,1
206,7600306.778575141,671065.5416752946,1
207,7600397.976631476,668615.4092174441,1
208,7600615.595015005,669574.9235155522,1
209,7592906.901311717,673588.3167003386,1
210,7593121.843334129,673413.758712752,1
211,7593198.305557487,673016.9781410214,1
212,7593879.832840983,673233.8661372269,1
213,7593909.476280569,672448.5701481113,1
214,7594148.725292646,672706.9670743229,1
215,7594253.1419613995,672623.6495739294,1
216,7594314.408329071,674840.2872356401,1
217,7594479.425941266,673419.428957448,1
218,7595002.256132322,672927.8484528485,3
219,7595060.462377626,673143.5097256127,1
220,7595065.342856132,673289.2918364315,1
221,7595068.7610687,671994.335429453,4
222,7595267.716233355,672782.3496527199,2
223,7595373.679367617,672786.7519634775,3
224,7595859.063531881,672542.0009468137,3
225,7596588.1494328,672711.6309675534,1
226,7595175.1558715105,673413.9615946229,5
227,7595178.068645013,673501.3617374615,1
228,7595095.661934444,674625.0133507088,1
229,7595943.208223982,674193.3034537241,6
230,7595950.560605306,674299.0185303928,1
231,7596052.906710785,674695.249968852,1
232,7596271.355948718,674658.8563995839,3
233,7593768.6377995275,676033.736186069,1
234,7593791.785574721,675788.0601570597,1
235,7593811.752473123,676254.0075461415,1
236,7594451.7435802445,675660.9066887557,1
237,7594515.173926412,676094.2193247492,1
238,7594661.102508932,674951.406366248,1
239,7595763.650425628,675476.5997230611,1
240,7595775.687974034,676306.4208343893,1
241,7595986.640627013,675328.9902360647,1
242,7595990.495503755,675779.8140488138,1
243,7596037.679402836,675427.0657578636,1
244,7596383.47760862,675257.3417834014,2
245,7593752.608863463,676344.4495274168,1
246,7593877.0164274555,676407.2815774332,1
247,7593890.813273689,676875.8875300632,1
248,7594546.20076987,677234.4762998689,2
249,7594941.685040054,677442.9158138357,1
250,7595168.666935086,677709.846568294,1
251,7595209.738286569,677378.1027117467,2
252,7595281.845674689,677122.4968946199,2
253,7595907.620866323,676477.4269422755,1
254,7596011.779550066,676431.0350061913,1
255,7597131.323363914,673028.1475996795,1
256,7597522.784783647,673136.0039974082,1
257,7598077.665709614,672254.9756009756,5
258,7598341.470718206,671946.3770247669,1
259,7596935.955000154,674040.1357013306,1
260,7597107.909659921,674120.4631661506,1
261,7597125.555670177,674513.7808307625,7
262,7597603.421531328,674432.2688385147,1
263,7597964.972956432,674370.0153770264,1
264,7598106.882787199,674344.6996389015,1
265,7598346.76168377,673846.5421698963,1
266,7599019.469865846,672334.6862989763,1
267,7599517.451195313,672077.5301486172,1
268,7599883.04328107,672942.351445352,4
269,7600030.708463189,672416.5778214816,1
270,7600396.360689175,672894.0974762187,1
271,7600664.409684128,672873.5091147948,1
272,7598989.671195338,673672.7183887518,1
273,7599069.263663418,673712.6072165215,2
274,7599081.261693475,674224.5461564623,2
275,7599122.454220662,673518.7175548682,1
276,7599127.9483342795,673963.0737057738,1
277,7599444.879775163,673594.8111464387,2
278,7599834.970705149,674036.0464558455,1
279,7600006.428073514,674005.3619747928,2
280,7596892.25159515,675222.1655482068,1
281,7597087.506152274,675136.3534935656,5
282,7597224.033582807,675582.73967081,1
283,7597615.645258976,676155.9374658053,1
284,7598919.133371186,676237.6532911198,5
285,7598949.8656571405,674943.8075555954,1
286,7599031.242706528,675747.1955768975,5
287,7597827.116848049,677630.19105665,3
288,7598908.725952297,676343.753794313,3
289,7599033.905254326,676867.2232994608,2
290,7602778.764438353,667030.9722029542,1
291,7603602.6777050905,666500.2538695321,1
292,7603622.625887801,668836.694739571,1
293,7604039.99676827,668568.3140376392,1
294,7604133.480909062,668474.0124289698,2
295,7604347.237291178,667344.7079177144,1
296,7604457.40762795,667449.170337563,1
297,7604542.628225271,667448.3001372851,1
298,7604672.254131093,667714.1071074231,1
299,7604758.858519693,669150.665785007,1
300,7601079.165655065,671246.8412509795,1
301,7601188.96853191,671888.266446333,1
302,7601541.281293618,671208.8598358844,2
303,7601955.943830455,670100.0983075948,2
304,7602175.192976802,669289.2093828152,1
305,7602233.952450302,671055.5123389991,1
306,7602352.038143775,669534.322194399,1
307,7602452.9270847235,671583.4188782679,2
308,7602572.433164768,671751.6444326092,1
309,7602696.905836013,671639.32129535,1
310,7603053.041736148,670100.9299162015,1
311,7603278.724183648,669267.268365813,1
312,7604503.861233389,669347.6117830089,1
313,7604734.4215569,669785.7999880967,1
314,7603720.840814103,670626.9423992456,1
315,7603343.495325188,671749.1062359151,1
316,7603439.992033453,671705.8463600101,4
317,7603394.534519292,671908.9614162059,9
318,7603481.623442771,671813.7555819544,3
319,7604704.2892003525,670603.7076455813,1
320,7605342.230797373,666870.5686958124,1
321,7605694.187498399,667143.2132519205,1
322,7606365.378585245,666983.9615523911,1
323,7606381.345573979,666472.3259062932,2
324,7606573.190857199,666834.2235794065,1
325,7606676.595688107,666977.0677048691,1
326,7606701.770474284,665955.8086472624,1
327,7604937.371901843,667304.8174670713,1
328,7605558.145300631,667865.0507112277,2
329,7605560.845678532,667369.9263621682,1
330,7605035.08242305,668101.2893108289,1
331,7605458.295815333,668107.3947965987,1
332,7605517.803520473,668387.9920251587,8
333,7605612.722374588,668439.0970018063,7
334,7605749.016728176,668436.6512791748,1
335,7605845.580780643,667361.5782419561,1
336,7605994.346646438,668432.2481724574,1
337,7606019.710713166,668326.1761571367,2
338,7606283.232862895,667243.1163144722,1
339,7606303.04425671,667631.6815034607,1
340,7606562.162189884,668316.4405734664,4
341,7606598.7262296565,667485.8756285951,1
342,7606645.057976377,668341.3569928821,2
343,7606980.568343131,667037.1585505138,1
344,7607090.426802172,665708.7013736132,3
345,7608025.503144975,666514.9316625387,2
346,7608369.955437832,666650.4719878093,1
347,7608506.695439698,666913.2117223983,1
348,7606815.614596515,667309.5187472348,2
349,7606965.153125547,667332.5338916383,1
350,7606988.038218814,668409.2754318457,8
351,7607148.594049091,668257.3834657489,1
352,7607169.874766483,668403.1529537404,1
353,7607272.308288538,668346.8743722421,2
354,7608484.474619672,668285.7283070182,1
355,7608488.383464612,667907.6670436285,1
356,7607767.438640652,668678.1742666876,1
357,7607799.720808895,668310.9573102352,11
358,7607865.321911784,668487.7357740478,2
359,7607870.280213987,668608.7097057122,2
360,7605160.547962765,668784.2860072706,1
361,7605436.381154938,669178.255362169,2
362,7605589.393580776,668999.3997184512,1
363,7605599.862552164,669338.3847066914,5
364,7605777.32280529,669207.7997069575,1
365,7605905.020672565,668823.0172922789,1
366,7606339.706645443,669083.9615330021,1
367,7605518.163648719,670106.5777387324,10
368,7605606.122994529,669537.1833656527,1
369,7605613.055646603,669759.566638612,1
370,7606295.701715616,669961.1125534194,3
371,7605528.34009794,670307.6120081481,1
372,7605541.463629149,671019.6927123108,3
373,7604840.5741040725,671755.2015345473,14
374,7605273.631975781,671820.7622333046,7
375,7605340.758444321,671723.7252756102,2
376,7605549.818782985,671422.5061466827,1
377,7605556.607092105,671749.7928429071,1
378,7605610.789129056,671815.8786134431,2
379,7605653.9340992095,671349.8243580556,1
380,7605841.537970441,671795.6919237573,5
381,7606129.602003935,671166.2324641491,2
382,7606134.023178175,670394.8393064695,1
383,7606424.046109081,670323.6966566829,2
384,7606520.4158793455,670401.3654763208,1
385,7606660.1570818275,669119.7300580307,2
386,7607073.367460227,669743.3149512616,1
387,7607282.120007528,670128.2966404719,1
388,7607427.704006226,670052.1077503448,1
389,7607443.772703053,669920.0910256094,1
390,7607722.675991118,669932.637025064,1
391,7607805.197801585,669603.9622940178,1
392,7607809.620243468,669712.6553353013,1
393,7607915.486680329,669717.0581424144,1
394,7608147.773689946,669925.0100717035,1
395,7608204.734150987,669817.6070394395,1
396,7606627.388208775,670741.9019029551,4
397,7606782.534828823,670406.827235697,1
398,7606811.830728102,671466.6975971854,3
399,7607082.99538647,670922.7893721645,2
400,7607087.6794364955,671067.3732499414,1
401,7607393.076944756,670740.2611655273,1
402,7607468.691788707,671365.8472313142,2
403,7607575.687744565,671466.595113249,3
404,7607856.798259939,670917.122274304,1
405,7607957.802825839,670794.9388935529,1
406,7608024.31980679,671113.1125630768,1
407,7608277.183387297,671569.9453340127,1
408,7608330.603303539,671662.1670111265,1
409,7600963.892512252,672911.5463758709,7
410,7601624.881898978,672265.7157651283,2
411,7602459.862599882,672955.6300598637,1
412,7602702.1604769705,672056.1715107061,1
413,7602876.301720158,672833.2767340882,3
414,7602265.849155266,675255.0203033697,2
415,7602357.3779643085,675906.8130735398,1
416,7603683.6063721515,675534.9449339336,1
417,7603760.853782372,675612.2705529324,1
418,7603769.194571248,675498.3119187019,3
419,7603785.19213576,676648.3299329083,1
420,7603882.880576173,675464.1155980652,1
421,7604126.170334968,675560.7719588912,3
422,7604239.770966127,675465.0237152256,1
423,7604633.858953862,675441.9730275951,1
424,7604985.910426758,672316.1152817998,1
425,7605671.217870861,672187.626764733,2
426,7605695.912889945,672893.8243810791,1
427,7605965.608124513,673430.3548983367,1
428,7606716.167765214,672047.1312497306,1
429,7605614.91291661,673907.0847048556,3
430,7605619.883329103,674191.2362868163,1
431,7605621.871722227,674304.896857239,1
432,7605715.724889009,673632.452172792,1
433,7605723.180680425,674058.6796337306,2
434,7606075.877927455,673619.5793314701,1
435,7606557.181155063,674260.620788372,1
436,7605598.90110349,675040.4791388246,1
437,7605627.778375346,674954.3787442109,8
438,7606569.096098108,674660.9037961653,1
439,7606885.233457117,672075.3131686049,1
440,7607495.416745431,672184.3344880241,8
441,7607945.793758972,672208.6390460072,3
442,7608173.911113809,672181.1467028831,1
443,7608460.246428832,672230.004444456,2
444,7606847.992714082,673817.4732076415,6
445,7607449.928812889,673582.0533805422,3
446,7607858.949086106,673657.3861912346,1
447,7608256.978842831,673539.0417826191,2
448,7608386.0827113055,673640.5793067313,1
449,7608477.968316727,673637.6495438542,1
450,7608508.200614337,673348.6096344889,1
451,7606598.201679295,676996.1775634446,1
452,7607039.909188407,676727.7543168082,1
453,7607127.0136179775,676810.4238533466,1
454,7607154.315985543,676691.5379410465,1
455,7607769.517070702,676684.52340231,1
456,7607872.42460648,675757.7674000716,5
457,7606784.536595385,678000.1389347702,1
458,7607259.918597141,678040.1025877523,2
459,7607504.209627623,678334.2406433298,1
460,7607904.771124143,677496.0308445903,1
461,7607936.993996369,678053.8081468225,5
462,7607988.572126553,677791.9715864939,2
463,7608147.683961765,677458.0825883657,1
464,7608343.679188594,677381.7446958584,1
465,7608532.379963245,677193.345299009,1
466,7608555.89415139,677297.6603476087,2
467,7608605.85461206,653400.0491289516,1
468,7609123.577838986,653364.4813256286,1
469,7609141.366238204,656025.8428838504,2
470,7609591.537680048,653063.7069270387,1
471,7609875.69645145,653264.6270703312,1
472,7610072.87067666,654801.3159485365,1
473,7610352.8164151,655392.7656623097,1
474,7611478.60582662,653671.8734872326,4
475,7612301.504785,653449.5587803082,2
476,7612366.864605522,653363.8802000931,1
477,7610588.281251518,655158.4712440236,8
478,7610734.683800059,654929.0681917048,1
479,7610853.8281655945,654926.0152986248,1
480,7611080.524858742,655025.8414004117,1
481,7611815.830888419,654922.8892887414,3
482,7611819.115434762,655022.082490915,2
483,7612253.381590542,654424.2875391849,1
484,7608806.84662339,657545.009591933,2
485,7609502.0173454685,656658.7934085205,1
486,7609682.047428872,656419.5310093564,1
487,7609946.624281707,657567.8494179808,1
488,7610131.870417826,657307.5864649888,2
489,7610509.826523101,657768.9929882216,4
490,7610497.549849529,659204.4229856769,2
491,7610502.163553859,659372.5493280191,4
492,7610628.099119785,656270.7427825951,2
493,7610677.104780997,656677.0589582437,1
494,7610874.0745188575,656288.294372595,3
495,7610997.693234791,656297.1150093152,1
496,7611361.250180052,656617.2313414505,1
497,7611395.676344793,656511.1632662463,1
498,7611519.522220236,656627.0406978244,2
499,7611091.628147802,657673.5642526308,1
500,7611806.266753513,657786.7413155057,7
501,7610601.396163444,659139.079250224,1
502,7610799.936075643,658532.9183998101,4
503,7610975.873243932,658521.309695967,1
504,7610980.360123937,658755.9790792353,1
505,7611079.593217449,658421.3568329372,1
506,7611170.16981007,658945.5268680885,1
507,7611175.633252289,658032.4847085198,5
508,7611178.908417188,658135.4701152203,1
509,7611281.834823976,658049.7249403414,1
510,7611544.619928289,659366.1893101092,1
511,7611607.86956012,658996.5181624886,1
512,7611828.262708639,658998.3686560902,2
513,7611997.007490308,658371.7958162281,1
514,7612189.219356372,658589.323901994,1
515,7612357.555062057,659197.6471508233,1
516,7612639.245628729,655785.065763642,2
517,7612653.044492249,655497.7021025821,1
518,7612777.650556138,654212.048446055,1
519,7612780.760065281,655881.8827233774,1
520,7613024.669519372,654893.3625475147,4
521,7613132.311903894,653244.0165071194,1
522,7613160.3264410915,655220.5906300949,1
523,7613217.902606868,655584.3194009699,1
524,7613414.971381857,653109.4209598043,1
525,7613535.121840969,655117.1168484947,1
526,7615408.149797857,653510.9808049476,1
527,7616071.115394519,653340.3051941431,1
528,7616201.896117239,653420.737853648,1
529,7616367.380032437,653674.7692143767,1
530,7612543.743644296,656715.6314568911,1
531,7612688.201612779,657536.6247514383,7
532,7612695.067050229,657640.1063395935,1
533,7612744.100833184,657142.6188959075,2
534,7613469.512846514,656236.4010977169,1
535,7613598.834196648,656918.7211318071,1
536,7613610.748381678,656787.299658955,1
537,7612570.646846599,659194.6884820117,1
538,7612586.8793058675,658770.8898055262,1
539,7612744.54618206,659220.3232719932,1
540,7613000.138244952,658198.3687525563,1
541,7613949.410707742,659236.6474430835,1
542,7613978.810862296,658983.4781428106,3
543,7614512.261068131,658205.1127044425,1
544,7614556.37423215,657532.6817795353,7
545,7614775.411227341,657248.5404212945,1
546,7615986.379811813,657670.638005643,5
547,7616338.913827826,658001.9622198507,1
548,7614703.974426171,658648.1317873886,2
549,7614732.630507561,659190.8147434675,1
550,7614794.261970577,658503.0554617703,2
551,7615492.608807025,658337.2219461307,5
552,7616277.763066211,658280.0714947612,5
553,7616350.503494305,659149.7674142496,5
554,7608947.211772966,660210.776375574,1
555,7608996.960143371,660009.3086917775,1
556,7609123.894739885,661767.2163192172,1
557,7609207.52530479,662043.4778910725,1
558,7609499.805038044,661340.9394791251,1
559,7609616.820991604,662306.2463010884,1
560,7609897.387442003,660695.4113477891,1
561,7609926.8682195665,661829.8098422266,1
562,7610007.014084058,661006.1606972899,1
563,7610122.796009051,660609.830799137,1
564,7610259.3019030215,661604.7414283985,1
565,7610968.54377259,662444.5738743872,1
566,7611029.590568541,660913.428207021,1
567,7611093.8489926625,659546.8969963338,1
568,7611140.329439342,662245.3871833212,1
569,7611148.389361946,659961.5448786498,1
570,7611162.853632787,660201.9891808493,1
571,7611196.572450467,661385.1703020767,1
572,7611268.131028234,662566.8317547239,1
573,7611595.852874702,660697.7422593746,1
574,7612061.277846759,662025.3847573579,1
575,7612145.948613865,660367.9975293641,1
576,7612280.117574429,662575.7178309514,2
577,7612391.136166724,659531.103703477,1
578,7612493.946219787,662388.6585588378,1
579,7608933.129555962,662719.5607134225,1
580,7609413.208214533,663965.2078158375,1
581,7610346.407977743,663194.1181415664,1
582,7608905.140159846,664595.515039948,1
583,7609167.30973356,665622.1484224398,3
584,7609209.7270478755,665274.1379542727,9
585,7609329.666184006,664733.0455828145,1
586,7609974.329252076,665178.9377796783,1
587,7609991.04771112,664511.6653580255,6
588,7610163.848559754,665121.2671067504,1
589,7610306.073724385,664904.9871635229,1
590,7610564.122797404,665009.6630877615,1
591,7610574.281477186,664586.4073165064,1
592,7610675.349111287,664584.8344933407,14
593,7610450.509897685,665528.1953304544,1
594,7610675.599132621,665848.5362347291,1
595,7611460.425770185,662872.8342342186,1
596,7611654.915964139,662761.1811568594,2
597,7611856.881036073,663339.7651815553,5
598,7611880.629673799,662877.7566998298,1
599,7611951.848600737,663130.7838127265,2
600,7612390.8452197,662928.6278418382,1
601,7611068.896556507,664052.6022470165,1
602,7611071.146900302,664210.2454866692,3
603,7611300.5145717785,663793.1309544925,1
604,7611361.237328609,663865.1475352988,2
605,7612249.408690487,663506.3082211888,1
606,7611129.83025038,665603.4437382024,2
607,7611139.124478716,665791.8013359102,1
608,7611790.873339006,665119.0218806026,1
609,7612021.603374187,664616.7300458553,1
610,7612095.178584749,665608.5529308498,1
611,7612492.845969397,665135.0622679266,1
612,7613768.970566113,659663.5847877255,2
613,7614232.596068735,660046.7696509756,1
614,7612856.847199228,662725.9414378369,7
615,7613236.960624741,662500.500148982,2
616,7613292.0674570855,662591.4915091528,1
617,7613397.405287184,662544.0003914548,1
618,7613514.447191321,662491.2321188075,1
619,7613529.565805329,662368.579735004,2
620,7613854.1966714915,662011.7688081862,1
621,7613933.272147186,661304.5679509662,1
622,7614887.1731632715,660171.7456484633,2
623,7615567.069879807,661303.3240676546,6
624,7615781.038202861,659940.6027669425,2
625,7616241.029573507,660110.8387946988,2
626,7616361.911181541,660556.6521699353,2
627,7616387.019012308,660773.8117649585,1
628,7614666.97796534,661893.3544531403,1
629,7614702.984767816,661586.0670448088,1
630,7614748.330368123,662111.9183974026,1
631,7614937.365154122,662317.1875362006,2
632,7615853.9008016,661440.8843031253,3
633,7616425.548221178,662679.0632047406,1
634,7613237.418080535,663260.1423110046,1
635,7613353.610172592,664124.2419379405,1
636,7613502.412241669,664391.3202333677,7
637,7613534.397758341,664066.0351871385,1
638,7614084.178368169,663723.3328571842,2
639,7614167.357556142,663925.1876587112,1
640,7612979.89356015,665675.7422844375,2
641,7613470.586194345,665809.7803694755,1
642,7613735.336386252,665750.705099479,1
643,7613736.0994372405,665496.012007149,2
644,7614195.949951038,665195.8608503095,1
645,7614936.898710232,663028.0206193925,1
646,7615169.111473377,665316.5348597133,1
647,7616170.618791676,664687.087935961,1
648,7616225.0953986505,665561.5106867583,4
649,7616345.518021443,665820.6442087707,1
650,7616372.465152718,665292.4735931783,1
651,7616903.393941997,654415.4311412758,2
652,7617071.237724043,654525.4481611152,2
653,7617202.074561478,653240.6063113273,1
654,7617413.738444269,653817.3388764939,2
655,7617446.807147072,653926.5105792573,1
656,7617503.189048992,653308.2354283975,1
657,7617820.978700787,654439.0070238042,2
658,7617963.551352006,654332.0065985663,1
659,7618069.103888704,653602.7435159193,1
660,7618295.182558481,653638.2490413324,1
661,7619043.774097384,654176.0138793236,1
662,7619308.6426804345,654115.6196647895,6
663,7619414.408101971,654128.6451682048,1
664,7619603.55506668,653959.9626736802,1
665,7619675.195145977,654407.4754810529,1
666,7616924.3328099465,655438.9514217456,1
667,7617018.928493369,655401.1336733093,1
668,7617057.078895118,654922.0317998762,1
669,7617273.468947682,655381.4026525142,2
670,7617402.503833806,655608.0851460454,1
671,7617577.374306373,654726.0262070871,1
672,7617684.253477021,654810.7958863496,1
673,7618335.914039116,655127.2440734927,2
674,7618438.587717358,655007.3074307693,1
675,7619300.38341254,656150.7155570632,1
676,7616443.922632256,656632.2883567319,1
677,7616506.693834106,657423.1987534281,4
678,7616585.546880185,657239.2816071163,4
679,7617778.053782705,656910.8752669233,2
680,7617805.21343432,657014.6642433066,1
681,7617886.876038692,656860.5266541557,1
682,7617958.02122943,656780.5764062476,1
683,7617981.042795913,656866.710874749,4
684,7618008.696235143,656951.5000604984,1
685,7618158.27639207,657463.8890866073,1
686,7618272.958153185,657783.192797164,3
687,7618344.528255177,658045.2063855833,1
688,7618563.9350561835,658867.0550232739,3
689,7618589.303752949,657281.4174146524,1
690,7619112.841469845,658648.7595712199,1
691,7619221.020640735,658780.658950137,1
692,7619288.810059994,659275.1482575189,2
693,7619624.038555611,656822.3207724151,1
694,7619723.7694368195,656580.2144116138,1
695,7619974.460793527,659340.1927805871,1
696,7620094.3380141705,658928.6151096469,1
697,7620677.562062702,655192.4909589818,1
698,7620684.863558219,655387.8785952528,5
699,7621617.4224150255,655336.2023935341,1
700,7622041.869806167,654956.7897546683,1
701,7620688.8957581045,656250.3275013947,6
702,7621154.393526118,657058.3944836385,2
703,7621314.789360666,656691.5234824874,1
704,7621709.3596412195,656077.3319022431,1
705,7621742.708733386,656990.3338111053,2
706,7622632.161389338,655729.4437797219,2
707,7622977.308546564,656235.1587313544,1
708,7623600.282604432,656114.258002224,1
709,7623613.189217759,656631.8072097129,1
710,7624271.243273586,656926.6930001037,6
711,7620673.809188023,657398.7881030833,1
712,7620814.892312187,657489.9867828682,3
713,7620951.405368628,657753.6095366685,1
714,7620985.610686784,658085.0294154532,3
715,7621339.167970011,658162.0486671077,23
716,7620659.88607394,658526.7097953137,1
717,7621337.3673513215,659078.0522989559,1
718,7621789.99483526,658910.6561241106,1
719,7622092.923386161,659205.5311236774,2
720,7622656.883940262,659185.466591632,1
721,7622668.192787197,658881.2456541728,2
722,7622672.820500955,658775.4314743119,1
723,7622993.673952992,658397.9362772861,1
724,7623734.451333571,657299.5235427427,2
725,7616508.666115537,660483.5269054781,2
726,7616509.8646295015,660936.6382368546,2
727,7616681.101917253,661207.7941228054,1
728,7617364.1641171165,661084.2604543824,1
729,7617385.434811063,660103.9010958701,4
730,7617929.001318482,659934.1036413269,1
731,7618169.6774489395,659822.31443272,1
732,7618391.023683903,659720.0160663564,1
733,7618582.3761279,659574.017289348,1
734,7618833.126629179,659514.2727532667,1
735,7618908.715377738,659899.4266645892,1
736,7619527.375606492,660248.3981940775,1
737,7620252.167735045,662463.1739810932,2
738,7620302.5461541675,659583.3229689451,2
739,7617360.950501237,662825.4448859892,2
740,7617508.363356078,663463.347249434,25
741,7617843.894445603,664008.7336066219,1
742,7616497.315190989,665552.5098959893,2
743,7616691.371773518,664858.9157289321,1
744,7616732.41996866,665543.7296647257,1
745,7617342.012586811,665208.699602175,4
746,7617377.617076363,665058.4590378131,1
747,7617874.020186888,664374.8628361293,1
748,7618143.999793341,664791.6942094058,1
749,7618217.489017223,664986.561907182,3
750,7618538.657104506,663769.9991492004,7
751,7618727.233399102,664623.2064864265,1
752,7618935.909703359,663562.0418536183,1
753,7619275.152973586,665600.1302434482,1
754,7619520.208387446,664750.3489987652,1
755,7619718.417327317,663813.842621106,1
756,7620068.506949982,664555.869382537,1
757,7620257.92044603,662683.8867421191,1
758,7620653.12135324,659908.7983039455,1
759,7620979.508000832,662027.1885843095,1
760,7621603.7683946695,661434.5884267496,5
761,7621748.681670576,660131.2414644331,1
762,7622501.884087683,660058.972134754,1
763,7622516.874431159,662350.4796565812,3
764,7622562.646883943,661081.0110013988,1
765,7622712.948341574,660001.8898988119,3
766,7622997.48553541,660048.9426103088,2
767,7623187.240560797,660712.9324181317,2
768,7623201.90238,662546.2995989926,1
769,7623322.121632622,662542.1432821971,2
770,7624118.589143173,659785.2862060298,1
771,7620679.426977697,664161.0327794931,2
772,7620902.616494579,664125.2401825376,1
773,7621753.084247436,664046.9194392991,1
774,7621792.499635386,663528.7915042202,1
775,7622121.656299612,663430.7224757267,2
776,7622923.276488078,665507.398991736,1
777,7623170.049329179,663374.8690715058,1
778,7623183.650966673,665732.1628626297,1
779,7623221.960016886,664655.8887504493,1
780,7624001.58944925,663953.0443563886,1
781,7608809.335404285,665951.9466794381,1
782,7608995.906373755,666610.713529727,1
783,7609779.131985149,666872.9811344813,2
784,7610201.716751833,665911.1482932802,1
785,7608627.09972115,668261.5472540896,1
786,7608742.747810999,668864.4836560619,1
787,7608850.088045123,668360.9673088017,2
788,7608994.459765337,667759.3376213122,2
789,7609096.77893477,667602.8844129929,1
790,7609140.9941509,667710.0491614005,1
791,7609150.813494846,668299.7568554735,1
792,7609213.237385621,668755.3616982341,4
793,7609487.466826597,668343.1418578738,1
794,7609639.571287092,668233.2649344725,5
795,7609826.315451034,668280.8846264344,1
796,7609918.739266664,668928.4898671821,7
797,7609932.315792653,668277.8849036468,1
798,7610292.770769033,668675.6866000183,1
799,7610311.42710033,668472.396907702,1
800,7610386.817114721,668265.2620565145,1
801,7610570.98144387,665889.6076180234,6
802,7611050.84035989,667289.4668512262,1
803,7611449.723814547,666933.1543220677,1
804,7611733.832605723,667075.6274762643,1
805,7611908.847526886,666822.1615824073,1
806,7612047.36370823,667276.2292992749,2
807,7610836.929558587,667704.3071761264,4
808,7610841.946769116,667842.092391631,1
809,7611159.627483923,667368.2115419605,1
810,7610745.666084034,668099.9395224091,1
811,7611186.917806356,667913.8900184963,4
812,7610803.818268734,668245.950718403,5
813,7610848.710859938,668391.4742337125,10
814,7611203.412036488,668290.4518718183,1
815,7611715.809610461,667658.4921811016,1
816,7612154.624979047,667321.3043670069,10
817,7612166.418189663,667662.5053035917,3
818,7611566.942143383,668181.7022404044,1
819,7611863.8162980145,668711.6737438404,1
820,7612092.988987987,668620.0267232619,3
821,7612123.992546911,668199.1799377175,3
822,7609219.947437878,669061.1204343732,1
823,7609234.207796924,669702.8633053051,11
824,7609886.365348072,669709.7650074447,8
825,7610156.639764468,669346.8130341634,1
826,7610480.308989542,670190.6433285673,1
827,7608838.301293605,671250.3240016589,1
828,7608875.466557994,670607.091737006,1
829,7609228.298346396,671865.5183998205,1
830,7609256.74280602,670706.7559836879,2
831,7609559.14168072,671758.915413249,9
832,7609784.119649844,670929.8170418073,1
833,7609985.090343456,671419.2315672756,1
834,7610032.109175907,672119.8466609115,2
835,7610123.302596415,671448.8957020093,1
836,7610284.192532399,671901.476210785,1
837,7610376.65120565,672131.8162166087,1
838,7610502.798175172,671969.8205730753,1
839,7610614.641718972,669551.9751312067,2
840,7610745.81410382,669141.4535827887,1
841,7610861.175235522,669448.3233256328,4
842,7610873.811542206,669780.0185217665,2
843,7610967.809904886,670284.2705692543,1
844,7611345.31301769,669776.3330962043,1
845,7611562.97752185,669138.4389465953,3
846,7611690.322246086,669137.0501917275,4
847,7611693.332562481,669374.628366599,2
848,7611561.966883241,670620.4644396696,2
849,7611722.118656321,670428.7731345196,2
850,7611825.985284162,670371.0846601175,5
851,7612135.097780717,670443.4395468512,1
852,7610682.303124428,671620.4610876404,1
853,7610715.96447112,671138.3881618582,2
854,7610770.801275784,672117.4629088476,1
855,7610999.566096394,671614.2731424338,3
856,7611059.514402176,671870.7072783461,1
857,7611238.907538696,672179.2967207032,1
858,7611240.303987679,671784.9013680846,1
859,7611286.302998386,672026.5275518292,3
860,7611368.997160238,672179.8053832608,2
861,7611801.804950426,671935.4665368673,2
862,7612144.90866266,670815.3703448981,1
863,7612224.806544698,671863.9056272209,3
864,7612274.853775148,671756.0529378232,1
865,7612325.346997458,667028.4203110489,1
866,7612572.855772114,666321.7881185414,1
867,7612610.5826152805,667295.5661129068,2
868,7612680.28886981,666305.8746530802,1
869,7613177.286101533,666281.5231849898,1
870,7613249.7316462,666800.4546605861,1
871,7613493.638659505,667054.6428384028,2
872,7613672.476027445,666333.728275413,1
873,7613221.4359445,667539.1334455183,1
874,7612473.450115242,668168.611473265,24
875,7612816.380927398,668166.6387446519,1
876,7612946.696686447,668271.4925885757,3
877,7612627.779047155,668650.0410328028,1
878,7613345.227325748,668265.6034899883,1
879,7613464.604055336,667540.4735992851,1
880,7613687.175121144,667798.8348368211,1
881,7613697.482946594,668156.3901991567,3
882,7613719.875656708,668382.5399493949,1
883,7613794.552462649,667858.9582825097,1
884,7613804.534806897,668205.2251635481,1
885,7614057.845788413,668615.2819691646,1
886,7615059.479821763,666863.139129928,1
887,7615953.391807114,666144.2347576342,1
888,7615421.855624269,668120.083897286,11
889,7615700.172165642,668215.7284909221,5
890,7612355.693287899,670165.6931750156,4
891,7612465.6871659905,670164.3892010034,1
892,7612715.340156698,669596.5885979749,1
893,7613174.237634029,669133.091712382,1
894,7612389.698691624,671120.5649115936,1
895,7612611.931784811,670780.352989545,2
896,7612837.105933799,670401.8028742995,2
897,7613135.270757602,671466.2058591242,4
898,7613225.979727879,671229.0068591546,1
899,7613342.2874975605,671663.7326537077,2
900,7613484.314772988,670873.1402869303,1
901,7613719.795395362,670633.3067187574,6
902,7614461.646583345,671142.4233218975,1
903,7614976.583915409,670835.3735040084,1
904,7615053.073242502,669195.8587935584,3
905,7615468.325983186,669236.2856057145,1
906,7615491.800765587,670712.4992542769,1
907,7608610.88768474,673246.6168970688,1
908,7608669.154147063,673164.9995809532,1
909,7608883.902565839,672646.7951500845,1
910,7609233.296396322,672293.8946783388,1
911,7609244.681618231,672631.1426392832,3
912,7609541.401369706,672279.6440050242,3
913,7609544.429900459,673211.733106397,3
914,7609559.296109507,672564.5845588752,1
915,7609588.794091539,673065.9612230553,1
916,7609682.689258371,673767.0531980399,2
917,7610328.810035327,672367.3487989125,6
918,7609590.407517795,673999.976255027,2
919,7609607.902405618,674298.9813357163,2
920,7609616.834653156,674450.5261570263,1
921,7609702.005522786,674100.8105278602,5
922,7610404.060591553,674458.489032561,1
923,7609788.287747027,674735.3424636805,8
924,7609813.907365808,674919.8546749657,1
925,7609880.53296014,674811.0156950422,1
926,7610087.372275087,675267.6117938831,6
927,7610662.085662867,672309.8010939745,1
928,7610714.299234116,672587.9016327896,1
929,7610836.317155034,673401.2764557385,1
930,7610982.933250582,672280.7427910349,1
931,7611255.8006633865,672586.4039868844,3
932,7611627.858078038,672712.5153967872,3
933,7611705.293290842,672390.8435662875,6
934,7612043.225435234,672740.3383505942,2
935,7611968.713690815,673161.0245695786,4
936,7612352.684807209,672854.9580286632,2
937,7610567.291148597,674407.9696172698,2
938,7610614.283318272,674514.0824250958,3
939,7610818.012984784,674466.72662258,1
940,7610622.002781892,674923.197942963,4
941,7610649.9552231245,675096.2991011953,6
942,7610755.696221154,675100.2475989606,1
943,7610918.384466153,674796.6992055819,2
944,7611239.433567905,674495.881033148,8
945,7611334.536766101,674467.4142716795,9
946,7611197.4033472445,674735.1377481564,1
947,7611032.787314047,675097.6686165768,1
948,7611304.791025151,674845.5158673766,1
949,7611603.9177405005,674582.8969600205,1
950,7611616.680296936,674460.4129612033,2
951,7611787.441995676,674744.2288515728,1
952,7612191.703812014,674991.9224466814,1
953,7612198.734315094,675275.3540510199,1
954,7610088.307335833,675525.5902528804,1
955,7610253.868171941,675890.9892357826,4
956,7610367.445984575,676141.4668022456,7
957,7609561.982590726,676781.4619796356,3
958,7610065.694662735,676697.9834260783,2
959,7610354.779286215,676584.9860930057,5
960,7610456.036782826,676336.8394122026,2
961,7608695.067779207,677240.0015067705,1
962,7608810.829140847,677940.4777546504,2
963,7608966.572144337,678043.9216511463,2
964,7609008.222275551,677111.3194348089,1
965,7609026.259800533,678148.218324484,1
966,7609221.84979662,678007.5757885934,2
967,7609251.827828009,677016.0233240646,2
968,7609477.524207433,677022.6300413335,1
969,7609583.389899392,676886.4700698338,1
970,7609976.839127981,678217.0381619979,1
971,7610322.012119946,677629.5190607215,1
972,7610563.782351158,676446.6010903154,5
973,7610823.947877173,676447.7380405228,1
974,7610926.573746321,675531.435759547,1
975,7610931.477794344,675366.082483575,1
976,7611010.273886231,675502.0511391569,1
977,7611034.816379434,675380.515730271,2
978,7611209.757740147,675477.2983356407,3
979,7611371.727294583,675505.3719338931,1
980,7611490.380853222,675502.1491322268,2
981,7611532.85789544,675703.7853048309,1
982,7611922.133147043,675795.2360213618,2
983,7612322.530158112,676295.3723856014,1
984,7610970.779550552,677344.6677572974,12
985,7611251.044172238,677257.195521599,3
986,7611287.007383853,677626.5181481674,2
987,7611172.3496819725,678290.9699535964,1
988,7612521.721836961,672780.5550360975,1
989,7612854.557167058,673136.236290799,2
990,7612934.803827957,672915.5371376232,1
991,7612957.602828796,673067.6032597488,2
992,7613310.21674183,673054.7908652218,1
993,7613874.698533826,673116.1840850366,1
994,7612595.983173448,674544.0416778638,6
995,7613262.680441471,674420.9310238558,4
996,7613313.083309651,674525.2628760773,3
997,7613352.067124903,674418.6194278396,6
998,7613756.2991532525,674460.9829356499,1
999,7613822.280363254,674281.1698933817,1
1000,7613881.043162397,674510.5657341353,2
1001,7613601.999025455,675593.561001638,1
1002,7614819.36529266,672549.7341373255,2
1003,7614926.651333548,673560.877192564,1
1004,7614931.066002477,672816.1515848989,1
1005,7615079.306435881,673552.1103351744,1
1006,7615796.230291055,673012.4199456731,1
1007,7615564.047308779,674148.4676696646,2
1008,7615625.538978491,673747.507385848,6
1009,7615680.419425637,673681.4994758355,1
1010,7615753.807641795,673759.2390521247,1
1011,7616115.218162905,673811.0465299122,1
1012,7616165.795213766,674505.1958559757,3
1013,7616169.587826916,674785.8511317092,1
1014,7616173.83845978,673934.4602617429,1
1015,7612551.519344733,677537.2056401073,1
1016,7612605.526673617,676902.6701534652,2
1017,7612645.812352628,676706.12955338,1
1018,7613112.998908437,678644.1327611901,1
1019,7613161.551212098,676071.5057662069,1
1020,7613534.28852937,676736.3646008222,2
1021,7614501.792926558,676343.8042889396,1
1022,7614979.138372589,678457.1059063132,1
1023,7615941.546461936,678335.2061610218,2
1024,7615979.711788914,676050.8697643667,1
1025,7616091.423293491,676049.0690274698,1
1026,7616347.91676395,665922.6793718494,1
1027,7616650.833851019,668144.9121345759,1
1028,7617338.008975384,667655.1927949431,1
1029,7617402.827784195,666078.7074874191,2
1030,7617669.837624562,667860.7903875986,1
1031,7617749.5449347785,668784.0867020742,4
1032,7617781.733504133,667910.1265194034,2
1033,7618454.168182156,666571.9209708004,2
1034,7618555.2775962865,666153.0313996697,2
1035,7618575.04433533,666941.5031816656,1
1036,7618649.797711244,666104.4889776336,2
1037,7618841.444381445,666921.3748794559,1
1038,7618879.45777593,666300.0791951596,1
1039,7618888.783430232,666388.1378024797,4
1040,7619397.4024706315,666089.7192314402,1
1041,7619596.929837341,666596.5631112843,1
1042,7619696.798725798,666594.3881894677,2
1043,7619722.162806908,667592.3759677568,1
1044,7619736.350618267,667112.9097967244,1
1045,7619971.375940984,666534.4916643887,4
1046,7616628.0313511565,669341.84567162,1
1047,7616630.3718450945,669435.1853225016,1
1048,7616663.138762845,670595.5496677534,1
1049,7616680.272080112,671105.3803739571,11
1050,7616782.024493016,670989.230958976,1
1051,7616787.788396965,671160.5779591303,2
1052,7616794.375609909,671356.4026110072,1
1053,7617875.798736216,670988.3736307541,1
1054,7618466.513213915,672174.8019315508,5
1055,7619214.804050045,670114.0127254267,1
1056,7619648.100424544,669271.1073127752,1
1057,7619756.56371038,669330.3733255207,1
1058,7620104.061924941,671933.8473046016,1
1059,7620389.246887856,667339.5692634534,1
1060,7620485.2154849805,668824.9081656102,1
1061,7620508.120582054,666441.6158786747,1
1062,7621147.174601896,668477.4318584123,1
1063,7621619.8183145765,668196.5206767828,1
1064,7623158.754927612,667152.3825594987,6
1065,7623356.968987927,667971.9398057298,2
1066,7623881.564417439,666477.1314440297,1
1067,7620167.317799783,669830.1235341185,2
1068,7620176.7714451505,669490.6867410135,1
1069,7620281.472538077,670202.7589647513,1
1070,7621446.3046062235,671324.1465265155,1
1071,7621489.498037412,671708.5156677272,1
1072,7621755.025719666,669783.5719407586,1
1073,7622255.343244168,669375.0639450193,1
1074,7622990.896365033,669797.3136825159,2
1075,7623131.995816908,670016.8757362657,2
1076,7623404.553691867,670194.7234282121,1
1077,7623655.354448514,669591.1432016859,1
1078,7622216.934008061,671182.1124921979,1
1079,7622378.935575118,671132.353894617,1
1080,7623681.453818042,670366.4379686161,7
1081,7623783.257074576,670305.3120764698,2
1082,7616428.134797476,672273.063801775,2
1083,7616517.748346191,674436.715405966,1
1084,7617160.89512159,673528.3123251195,1
1085,7617525.308127804,674694.4369716302,1
1086,7617552.799859911,674163.3207984274,1
1087,7617694.8103740495,674251.8738225412,1
1088,7617834.896086089,673010.6378963154,1
1089,7617857.858131274,674334.9295135937,1
1090,7617907.305867654,674236.5438326562,2
1091,7618487.646286121,672949.6150555987,2
1092,7618492.682735574,674449.417370526,2
1093,7618581.746297846,672532.9781077582,1
1094,7618951.495485606,672562.0116189462,1
1095,7619118.934207753,673646.9281887037,1
1096,7619512.108523164,673960.5841051424,1
1097,7619532.900017111,674401.0577556435,1
1098,7619989.522971053,674697.9610199395,1
1099,7616306.595682394,678469.4816805492,1
1100,7616330.924470744,675685.4000638828,2
1101,7616471.475600213,676293.8738140044,1
1102,7616735.66537561,675770.8590015613,1
1103,7616810.255098638,676283.7232929233,1
1104,7616920.7961473055,677119.3792953091,1
1105,7617496.72821336,676653.7693079839,1
1106,7617893.794011797,678294.3862120447,1
1107,7617904.752560307,676355.3317909192,1
1108,7618109.548234935,677349.0291828011,1
1109,7618206.435732244,675858.230677351,2
1110,7618450.985875055,676158.9369188714,1
1111,7618644.443094025,677069.9198802538,1
1112,7619820.737000805,676242.0772444779,1
1113,7620009.254423028,677076.1672706356,1
1114,7620430.028312229,673242.5373592891,1
1115,7620660.74980306,673648.8731733133,1
1116,7620872.8519611405,674118.0525438088,1
1117,7620875.309210931,674712.6974923941,1
1118,7621563.173429636,672732.3819057046,1
1119,7621779.216510986,674141.4850813411,1
1120,7622423.542116341,672308.2702907487,1
1121,7622517.996461731,674111.6314117075,1
1122,7622820.624847802,673951.0700998494,1
1123,7623026.351200105,672511.7790351198,2
1124,7623050.800187385,674086.6693533586,1
1125,7623264.106195835,674112.967083272,1
1126,7623282.30901355,672525.8196019104,1
1127,7623408.222348541,672939.0144300652,1
1128,7623702.5011026645,673116.1737990628,1
1129,7623820.167829881,673217.9960525868,1
1130,7623965.270182024,673080.2186903588,1
1131,7620209.915369979,674976.1119638144,1
1132,7620466.811979897,675573.3266468144,1
1133,7620910.3054255,675842.3753909487,2
1134,7620940.810891854,676060.5179042077,4
1135,7621124.2765044,675826.2716720181,1
1136,7621143.061691235,676112.282534339,2
1137,7621396.795265064,675876.7944661287,1
1138,7621517.877385972,675996.8511349023,1
1139,7621594.730381724,676160.897846073,1
1140,7620959.956560822,677424.071233503,1
1141,7621067.876262587,676634.8906842293,3
1142,7621356.698930263,676345.0309678876,2
1143,7621918.412430379,676206.575457994,1
1144,7622125.339614145,676145.2460583907,1
1145,7622697.175593221,675898.1666864763,6
1146,7622824.056305343,676857.1666365115,1
1147,7623487.722423548,677130.1411571467,1
